model,rmse_mean,rmse_std,mae_mean,mae_std
Dummy_mean,77077.6555330991,4965.417342010097,56319.67459034858,2108.946828453999
Linear_Regression,38539.272563153914,12091.468997296462,19757.665738748587,2121.8125482680684
Ridge_alpha_1.0,35665.76771541811,12652.101503202211,19296.87799479087,1751.4046865324756
Lasso_alpha_0.1,36470.49271332966,12226.014966709568,19316.627200924024,2181.6447663745157
