alpha_value,rmse_mean,rmse_std
10.0,31556.17453894091,7216.615112712603
100.0,32304.774753877682,7450.226999246071
1.0,32814.49763057922,7332.537866363063
0.1,35227.91163211876,7378.296506857981
1000.0,35985.02379812848,5366.936468069914
0.01,36243.910934358064,7490.030808907823
0.001,36398.241914927625,7511.731519512405
