target_variant,rmse_mean,rmse_std,mae_mean,mae_std
raw,28748.832333501043,4848.5142175737665,17057.678686866522,995.4246449972673
log1p,28161.12161377733,4554.002725699312,16913.540464418707,1274.5972888154874
