target_variant,rmse_mean,rmse_std
raw,28748.832333501043,4848.5142175737665
log1p,28161.12161377733,4554.002725699312
